Source_filename,[EXIF]ModifyDate,[EXIF]DateTimeOriginal,[EXIF]CreateDate,[Composite]SubSecCreateDate,[Composite]SubSecDateTimeOriginal,STAGE1,STAGE2,Remark
/mnt/M2_SSD/PhotoManagement_process/Colorado_yellowstone/20150523_183728.jpg,,,,,,./STAGE1/20150523_183728.jpg,./STAGE2/20150523_183728.jpg,
/mnt/M2_SSD/PhotoManagement_process/Colorado_yellowstone/20150523_190427.jpg,,,,,,./STAGE1/20150523_190427.jpg,./STAGE2/20150523_190427.jpg,
/mnt/M2_SSD/PhotoManagement_process/Colorado_yellowstone/20150524_093530.jpg,,,,,,./STAGE1/20150524_093530.jpg,./STAGE2/20150524_093530.jpg,
/mnt/M2_SSD/PhotoManagement_process/Colorado_yellowstone/20150524_101915.jpg,,,,,,./STAGE1/20150524_101915.jpg,./STAGE2/20150524_101915.jpg,
/mnt/M2_SSD/PhotoManagement_process/Colorado_yellowstone/20150524_101954.jpg,,,,,,./STAGE1/20150524_101954.jpg,./STAGE2/20150524_101954.jpg,
/mnt/M2_SSD/PhotoManagement_process/Colorado_yellowstone/20150524_105523.jpg,,,,,,./STAGE1/20150524_105523.jpg,./STAGE2/20150524_105523.jpg,
/mnt/M2_SSD/PhotoManagement_process/Colorado_yellowstone/20150524_105555.jpg,,,,,,./STAGE1/20150524_105555.jpg,./STAGE2/20150524_105555.jpg,
/mnt/M2_SSD/PhotoManagement_process/Colorado_yellowstone/20150524_105623.jpg,,,,,,./STAGE1/20150524_105623.jpg,./STAGE2/20150524_105623.jpg,
/mnt/M2_SSD/PhotoManagement_process/Colorado_yellowstone/20150524_125339.jpg,,,,,,./STAGE1/20150524_125339.jpg,./STAGE2/20150524_125339.jpg,
/mnt/M2_SSD/PhotoManagement_process/Colorado_yellowstone/20150524_125441.jpg,,,,,,./STAGE1/20150524_125441.jpg,./STAGE2/20150524_125441.jpg,
/mnt/M2_SSD/PhotoManagement_process/Colorado_yellowstone/20150524_140028.jpg,,,,,,./STAGE1/20150524_140028.jpg,./STAGE2/20150524_140028.jpg,
/mnt/M2_SSD/PhotoManagement_process/Colorado_yellowstone/20150524_152627.jpg,,,,,,./STAGE1/20150524_152627.jpg,./STAGE2/20150524_152627.jpg,
/mnt/M2_SSD/PhotoManagement_process/Colorado_yellowstone/20150524_170817.jpg,,,,,,./STAGE1/20150524_170817.jpg,./STAGE2/20150524_170817.jpg,
/mnt/M2_SSD/PhotoManagement_process/Colorado_yellowstone/20150524_170844.jpg,,,,,,./STAGE1/20150524_170844.jpg,./STAGE2/20150524_170844.jpg,
/mnt/M2_SSD/PhotoManagement_process/Colorado_yellowstone/20150524_173614.jpg,,,,,,./STAGE1/20150524_173614.jpg,./STAGE2/20150524_173614.jpg,
/mnt/M2_SSD/PhotoManagement_process/Colorado_yellowstone/20150524_174524.jpg,,,,,,./STAGE1/20150524_174524.jpg,./STAGE2/20150524_174524.jpg,
/mnt/M2_SSD/PhotoManagement_process/Colorado_yellowstone/20150524_174913.jpg,,,,,,./STAGE1/20150524_174913.jpg,./STAGE2/20150524_174913.jpg,
/mnt/M2_SSD/PhotoManagement_process/Colorado_yellowstone/20150524_175508.jpg,,,,,,./STAGE1/20150524_175508.jpg,./STAGE2/20150524_175508.jpg,
/mnt/M2_SSD/PhotoManagement_process/Colorado_yellowstone/20150524_175538.jpg,,,,,,./STAGE1/20150524_175538.jpg,./STAGE2/20150524_175538.jpg,
/mnt/M2_SSD/PhotoManagement_process/Colorado_yellowstone/20150524_175623.jpg,,,,,,./STAGE1/20150524_175623.jpg,./STAGE2/20150524_175623.jpg,
/mnt/M2_SSD/PhotoManagement_process/Colorado_yellowstone/20150524_175702.jpg,,,,,,./STAGE1/20150524_175702.jpg,./STAGE2/20150524_175702.jpg,
/mnt/M2_SSD/PhotoManagement_process/Colorado_yellowstone/20150524_180400.jpg,,,,,,./STAGE1/20150524_180400.jpg,./STAGE2/20150524_180400.jpg,
/mnt/M2_SSD/PhotoManagement_process/Colorado_yellowstone/20150524_181105.jpg,,,,,,./STAGE1/20150524_181105.jpg,./STAGE2/20150524_181105.jpg,
/mnt/M2_SSD/PhotoManagement_process/Colorado_yellowstone/20150524_181154.jpg,,,,,,./STAGE1/20150524_181154.jpg,./STAGE2/20150524_181154.jpg,
/mnt/M2_SSD/PhotoManagement_process/Colorado_yellowstone/20150524_182710.jpg,,,,,,./STAGE1/20150524_182710.jpg,./STAGE2/20150524_182710.jpg,
/mnt/M2_SSD/PhotoManagement_process/Colorado_yellowstone/20150524_182748.jpg,,,,,,./STAGE1/20150524_182748.jpg,./STAGE2/20150524_182748.jpg,
/mnt/M2_SSD/PhotoManagement_process/Colorado_yellowstone/20150524_183039.jpg,,,,,,./STAGE1/20150524_183039.jpg,./STAGE2/20150524_183039.jpg,
/mnt/M2_SSD/PhotoManagement_process/Colorado_yellowstone/20150524_184101.jpg,,,,,,./STAGE1/20150524_184101.jpg,./STAGE2/20150524_184101.jpg,
/mnt/M2_SSD/PhotoManagement_process/Colorado_yellowstone/20150524_184758.jpg,,,,,,./STAGE1/20150524_184758.jpg,./STAGE2/20150524_184758.jpg,
/mnt/M2_SSD/PhotoManagement_process/Colorado_yellowstone/20150524_184905.jpg,,,,,,./STAGE1/20150524_184905.jpg,./STAGE2/20150524_184905.jpg,
/mnt/M2_SSD/PhotoManagement_process/Colorado_yellowstone/20150525_154649.jpg,,,,,,./STAGE1/20150525_154649.jpg,./STAGE2/20150525_154649.jpg,
/mnt/M2_SSD/PhotoManagement_process/Colorado_yellowstone/20150525_154722.jpg,,,,,,./STAGE1/20150525_154722.jpg,./STAGE2/20150525_154722.jpg,
/mnt/M2_SSD/PhotoManagement_process/Colorado_yellowstone/20150525_184810.jpg,,,,,,./STAGE1/20150525_184810.jpg,./STAGE2/20150525_184810.jpg,
/mnt/M2_SSD/PhotoManagement_process/Colorado_yellowstone/20150525_202841.jpg,,,,,,./STAGE1/20150525_202841.jpg,./STAGE2/20150525_202841.jpg,
/mnt/M2_SSD/PhotoManagement_process/Colorado_yellowstone/20150525_203135.jpg,,,,,,./STAGE1/20150525_203135.jpg,./STAGE2/20150525_203135.jpg,
/mnt/M2_SSD/PhotoManagement_process/Colorado_yellowstone/20150525_203228.jpg,,,,,,./STAGE1/20150525_203228.jpg,./STAGE2/20150525_203228.jpg,
/mnt/M2_SSD/PhotoManagement_process/Colorado_yellowstone/20150525_203410.jpg,,,,,,./STAGE1/20150525_203410.jpg,./STAGE2/20150525_203410.jpg,
/mnt/M2_SSD/PhotoManagement_process/Colorado_yellowstone/20150526_130854.jpg,,,,,,./STAGE1/20150526_130854.jpg,./STAGE2/20150526_130854.jpg,
/mnt/M2_SSD/PhotoManagement_process/Colorado_yellowstone/20150526_131617.jpg,,,,,,./STAGE1/20150526_131617.jpg,./STAGE2/20150526_131617.jpg,
/mnt/M2_SSD/PhotoManagement_process/Colorado_yellowstone/20150526_131733.jpg,,,,,,./STAGE1/20150526_131733.jpg,./STAGE2/20150526_131733.jpg,
/mnt/M2_SSD/PhotoManagement_process/Colorado_yellowstone/20150526_133238.jpg,,,,,,./STAGE1/20150526_133238.jpg,./STAGE2/20150526_133238.jpg,
/mnt/M2_SSD/PhotoManagement_process/Colorado_yellowstone/20150526_133302.jpg,,,,,,./STAGE1/20150526_133302.jpg,./STAGE2/20150526_133302.jpg,
/mnt/M2_SSD/PhotoManagement_process/Colorado_yellowstone/20150526_143125.jpg,,,,,,./STAGE1/20150526_143125.jpg,./STAGE2/20150526_143125.jpg,
/mnt/M2_SSD/PhotoManagement_process/Colorado_yellowstone/20150527_125028.jpg,,,,,,./STAGE1/20150527_125028.jpg,./STAGE2/20150527_125028.jpg,
/mnt/M2_SSD/PhotoManagement_process/Colorado_yellowstone/20150527_130304.jpg,,,,,,./STAGE1/20150527_130304.jpg,./STAGE2/20150527_130304.jpg,
/mnt/M2_SSD/PhotoManagement_process/Colorado_yellowstone/20150527_133709.jpg,,,,,,./STAGE1/20150527_133709.jpg,./STAGE2/20150527_133709.jpg,
/mnt/M2_SSD/PhotoManagement_process/Colorado_yellowstone/20150527_153317.jpg,,,,,,./STAGE1/20150527_153317.jpg,./STAGE2/20150527_153317.jpg,
/mnt/M2_SSD/PhotoManagement_process/Colorado_yellowstone/20150527_165503.jpg,,,,,,./STAGE1/20150527_165503.jpg,./STAGE2/20150527_165503.jpg,
/mnt/M2_SSD/PhotoManagement_process/Colorado_yellowstone/20150527_171203.jpg,,,,,,./STAGE1/20150527_171203.jpg,./STAGE2/20150527_171203.jpg,
/mnt/M2_SSD/PhotoManagement_process/Colorado_yellowstone/20150527_172608.jpg,,,,,,./STAGE1/20150527_172608.jpg,./STAGE2/20150527_172608.jpg,
/mnt/M2_SSD/PhotoManagement_process/Colorado_yellowstone/20150527_183322.jpg,,,,,,./STAGE1/20150527_183322.jpg,./STAGE2/20150527_183322.jpg,
/mnt/M2_SSD/PhotoManagement_process/Colorado_yellowstone/20150527_184604.jpg,,,,,,./STAGE1/20150527_184604.jpg,./STAGE2/20150527_184604.jpg,
/mnt/M2_SSD/PhotoManagement_process/Colorado_yellowstone/20150527_190723.jpg,,,,,,./STAGE1/20150527_190723.jpg,./STAGE2/20150527_190723.jpg,
/mnt/M2_SSD/PhotoManagement_process/Colorado_yellowstone/20150528_104502.jpg,,,,,,./STAGE1/20150528_104502.jpg,./STAGE2/20150528_104502.jpg,
/mnt/M2_SSD/PhotoManagement_process/Colorado_yellowstone/20150528_105103.jpg,,,,,,./STAGE1/20150528_105103.jpg,./STAGE2/20150528_105103.jpg,
/mnt/M2_SSD/PhotoManagement_process/Colorado_yellowstone/20150528_135318.jpg,,,,,,./STAGE1/20150528_135318.jpg,./STAGE2/20150528_135318.jpg,
/mnt/M2_SSD/PhotoManagement_process/Colorado_yellowstone/20150528_135321.jpg,,,,,,./STAGE1/20150528_135321.jpg,./STAGE2/20150528_135321.jpg,
/mnt/M2_SSD/PhotoManagement_process/Colorado_yellowstone/20150528_135330.jpg,,,,,,./STAGE1/20150528_135330.jpg,./STAGE2/20150528_135330.jpg,
/mnt/M2_SSD/PhotoManagement_process/Colorado_yellowstone/20150528_135338.jpg,,,,,,./STAGE1/20150528_135338.jpg,./STAGE2/20150528_135338.jpg,
/mnt/M2_SSD/PhotoManagement_process/Colorado_yellowstone/20150528_141847.jpg,,,,,,./STAGE1/20150528_141847.jpg,./STAGE2/20150528_141847.jpg,
/mnt/M2_SSD/PhotoManagement_process/Colorado_yellowstone/20150528_174828.jpg,,,,,,./STAGE1/20150528_174828.jpg,./STAGE2/20150528_174828.jpg,
/mnt/M2_SSD/PhotoManagement_process/Colorado_yellowstone/20150528_182206.jpg,,,,,,./STAGE1/20150528_182206.jpg,./STAGE2/20150528_182206.jpg,
/mnt/M2_SSD/PhotoManagement_process/Colorado_yellowstone/20150529_122715.jpg,,,,,,./STAGE1/20150529_122715.jpg,./STAGE2/20150529_122715.jpg,
/mnt/M2_SSD/PhotoManagement_process/Colorado_yellowstone/20150529_124714.jpg,,,,,,./STAGE1/20150529_124714.jpg,./STAGE2/20150529_124714.jpg,
/mnt/M2_SSD/PhotoManagement_process/Colorado_yellowstone/20150529_140313.jpg,,,,,,./STAGE1/20150529_140313.jpg,./STAGE2/20150529_140313.jpg,
/mnt/M2_SSD/PhotoManagement_process/Colorado_yellowstone/20150529_145008.jpg,,,,,,./STAGE1/20150529_145008.jpg,./STAGE2/20150529_145008.jpg,
/mnt/M2_SSD/PhotoManagement_process/Colorado_yellowstone/20150529_145611.jpg,,,,,,./STAGE1/20150529_145611.jpg,./STAGE2/20150529_145611.jpg,
/mnt/M2_SSD/PhotoManagement_process/Colorado_yellowstone/20150529_180407.jpg,,,,,,./STAGE1/20150529_180407.jpg,./STAGE2/20150529_180407.jpg,
/mnt/M2_SSD/PhotoManagement_process/Colorado_yellowstone/20150529_194314.jpg,,,,,,./STAGE1/20150529_194314.jpg,./STAGE2/20150529_194314.jpg,
/mnt/M2_SSD/PhotoManagement_process/Colorado_yellowstone/20150529_194553.jpg,,,,,,./STAGE1/20150529_194553.jpg,./STAGE2/20150529_194553.jpg,
/mnt/M2_SSD/PhotoManagement_process/Colorado_yellowstone/20150523_192452.JPG,,,,,,./STAGE1/20150523_192452.JPG,./STAGE2/20150523_085452.jpg,
/mnt/M2_SSD/PhotoManagement_process/Colorado_yellowstone/20150523_200944.JPG,,,,,,./STAGE1/20150523_200944.JPG,./STAGE2/20150523_093945.jpg,
/mnt/M2_SSD/PhotoManagement_process/Colorado_yellowstone/20150523_210926.JPG,,,,,,./STAGE1/20150523_210926.JPG,./STAGE2/20150523_113926.jpg,
/mnt/M2_SSD/PhotoManagement_process/Colorado_yellowstone/20150523_210932.JPG,,,,,,./STAGE1/20150523_210932.JPG,./STAGE2/20150523_113932.jpg,
/mnt/M2_SSD/PhotoManagement_process/Colorado_yellowstone/20150523_211008.JPG,,,,,,./STAGE1/20150523_211008.JPG,./STAGE2/20150523_114007.jpg,
/mnt/M2_SSD/PhotoManagement_process/Colorado_yellowstone/20150523_211010.JPG,,,,,,./STAGE1/20150523_211010.JPG,./STAGE2/20150523_114010.jpg,
/mnt/M2_SSD/PhotoManagement_process/Colorado_yellowstone/20150523_211257.JPG,,,,,,./STAGE1/20150523_211257.JPG,./STAGE2/20150523_114257.jpg,
/mnt/M2_SSD/PhotoManagement_process/Colorado_yellowstone/20150523_211302.JPG,,,,,,./STAGE1/20150523_211302.JPG,./STAGE2/20150523_114302.jpg,
/mnt/M2_SSD/PhotoManagement_process/Colorado_yellowstone/20150523_211555.JPG,,,,,,./STAGE1/20150523_211555.JPG,./STAGE2/20150523_114555.jpg,
/mnt/M2_SSD/PhotoManagement_process/Colorado_yellowstone/20150523_211808.JPG,,,,,,./STAGE1/20150523_211808.JPG,./STAGE2/20150523_114807.jpg,
/mnt/M2_SSD/PhotoManagement_process/Colorado_yellowstone/20150523_212009.JPG,,,,,,./STAGE1/20150523_212009.JPG,./STAGE2/20150523_115009.jpg,
/mnt/M2_SSD/PhotoManagement_process/Colorado_yellowstone/20150523_212056.JPG,,,,,,./STAGE1/20150523_212056.JPG,./STAGE2/20150523_115056.jpg,
/mnt/M2_SSD/PhotoManagement_process/Colorado_yellowstone/20150523_212116.JPG,,,,,,./STAGE1/20150523_212116.JPG,./STAGE2/20150523_115116.jpg,
/mnt/M2_SSD/PhotoManagement_process/Colorado_yellowstone/20150523_213628.JPG,,,,,,./STAGE1/20150523_213628.JPG,./STAGE2/20150523_110629.jpg,
/mnt/M2_SSD/PhotoManagement_process/Colorado_yellowstone/20150523_213736.JPG,,,,,,./STAGE1/20150523_213736.JPG,./STAGE2/20150523_110736.jpg,
/mnt/M2_SSD/PhotoManagement_process/Colorado_yellowstone/20150523_215220.JPG,,,,,,./STAGE1/20150523_215220.JPG,./STAGE2/20150523_112221.jpg,
/mnt/M2_SSD/PhotoManagement_process/Colorado_yellowstone/20150523_230922.JPG,,,,,,./STAGE1/20150523_230922.JPG,./STAGE2/20150523_123923.jpg,
/mnt/M2_SSD/PhotoManagement_process/Colorado_yellowstone/20150523_231136.JPG,,,,,,./STAGE1/20150523_231136.JPG,./STAGE2/20150523_124137.jpg,
/mnt/M2_SSD/PhotoManagement_process/Colorado_yellowstone/20150523_231616.JPG,,,,,,./STAGE1/20150523_231616.JPG,./STAGE2/20150523_124616.jpg,
/mnt/M2_SSD/PhotoManagement_process/Colorado_yellowstone/20150523_232118.JPG,,,,,,./STAGE1/20150523_232118.JPG,./STAGE2/20150523_125119.jpg,
/mnt/M2_SSD/PhotoManagement_process/Colorado_yellowstone/20150523_233722.JPG,,,,,,./STAGE1/20150523_233722.JPG,./STAGE2/20150523_130723.jpg,
/mnt/M2_SSD/PhotoManagement_process/Colorado_yellowstone/20150523_233732.JPG,,,,,,./STAGE1/20150523_233732.JPG,./STAGE2/20150523_130732.jpg,
/mnt/M2_SSD/PhotoManagement_process/Colorado_yellowstone/20150523_233804.JPG,,,,,,./STAGE1/20150523_233804.JPG,./STAGE2/20150523_130805.jpg,
/mnt/M2_SSD/PhotoManagement_process/Colorado_yellowstone/20150523_235924.JPG,,,,,,./STAGE1/20150523_235924.JPG,./STAGE2/20150523_132924.jpg,
/mnt/M2_SSD/PhotoManagement_process/Colorado_yellowstone/20150524_000152.JPG,,,,,,./STAGE1/20150524_000152.JPG,./STAGE2/20150523_133152.jpg,
/mnt/M2_SSD/PhotoManagement_process/Colorado_yellowstone/20150524_000234.JPG,,,,,,./STAGE1/20150524_000234.JPG,./STAGE2/20150523_133235.jpg,
/mnt/M2_SSD/PhotoManagement_process/Colorado_yellowstone/20150524_001540.JPG,,,,,,./STAGE1/20150524_001540.JPG,./STAGE2/20150523_134541.jpg,
/mnt/M2_SSD/PhotoManagement_process/Colorado_yellowstone/20150524_023245.JPG,,,,,,./STAGE1/20150524_023245.JPG,./STAGE2/20150523_170245.jpg,
/mnt/M2_SSD/PhotoManagement_process/Colorado_yellowstone/20150524_024136.JPG,,,,,,./STAGE1/20150524_024136.JPG,./STAGE2/20150523_161136.jpg,
/mnt/M2_SSD/PhotoManagement_process/Colorado_yellowstone/20150524_025316.JPG,,,,,,./STAGE1/20150524_025316.JPG,./STAGE2/20150523_162317.jpg,
/mnt/M2_SSD/PhotoManagement_process/Colorado_yellowstone/20150524_030232.JPG,,,,,,./STAGE1/20150524_030232.JPG,./STAGE2/20150523_163232.jpg,
/mnt/M2_SSD/PhotoManagement_process/Colorado_yellowstone/20150524_033156.JPG,,,,,,./STAGE1/20150524_033156.JPG,./STAGE2/20150523_170157.jpg,
/mnt/M2_SSD/PhotoManagement_process/Colorado_yellowstone/20150524_033420.JPG,,,,,,./STAGE1/20150524_033420.JPG,./STAGE2/20150523_170421.jpg,
/mnt/M2_SSD/PhotoManagement_process/Colorado_yellowstone/20150524_034558.JPG,,,,,,./STAGE1/20150524_034558.JPG,./STAGE2/20150523_171558.jpg,
/mnt/M2_SSD/PhotoManagement_process/Colorado_yellowstone/20150524_034610.JPG,,,,,,./STAGE1/20150524_034610.JPG,./STAGE2/20150523_171610.jpg,
/mnt/M2_SSD/PhotoManagement_process/Colorado_yellowstone/20150524_041528.JPG,,,,,,./STAGE1/20150524_041528.JPG,./STAGE2/20150523_174528.jpg,
/mnt/M2_SSD/PhotoManagement_process/Colorado_yellowstone/20150524_041614.JPG,,,,,,./STAGE1/20150524_041614.JPG,./STAGE2/20150523_174615.jpg,
/mnt/M2_SSD/PhotoManagement_process/Colorado_yellowstone/20150524_043026.JPG,,,,,,./STAGE1/20150524_043026.JPG,./STAGE2/20150523_180027.jpg,
/mnt/M2_SSD/PhotoManagement_process/Colorado_yellowstone/20150524_043936.JPG,,,,,,./STAGE1/20150524_043936.JPG,./STAGE2/20150523_180937.jpg,
/mnt/M2_SSD/PhotoManagement_process/Colorado_yellowstone/20150524_044236.JPG,,,,,,./STAGE1/20150524_044236.JPG,./STAGE2/20150523_181236.jpg,
/mnt/M2_SSD/PhotoManagement_process/Colorado_yellowstone/20150524_044322.JPG,,,,,,./STAGE1/20150524_044322.JPG,./STAGE2/20150523_181322.jpg,
/mnt/M2_SSD/PhotoManagement_process/Colorado_yellowstone/20150524_044354.JPG,,,,,,./STAGE1/20150524_044354.JPG,./STAGE2/20150523_181355.jpg,
/mnt/M2_SSD/PhotoManagement_process/Colorado_yellowstone/20150524_044744.JPG,,,,,,./STAGE1/20150524_044744.JPG,./STAGE2/20150523_181745.jpg,
/mnt/M2_SSD/PhotoManagement_process/Colorado_yellowstone/20150524_045118.JPG,,,,,,./STAGE1/20150524_045118.JPG,./STAGE2/20150523_182118.jpg,
/mnt/M2_SSD/PhotoManagement_process/Colorado_yellowstone/20150524_045156.JPG,,,,,,./STAGE1/20150524_045156.JPG,./STAGE2/20150523_182157.jpg,
/mnt/M2_SSD/PhotoManagement_process/Colorado_yellowstone/20150524_052448.JPG,,,,,,./STAGE1/20150524_052448.JPG,./STAGE2/20150523_185448.jpg,
/mnt/M2_SSD/PhotoManagement_process/Colorado_yellowstone/20150524_052652.JPG,,,,,,./STAGE1/20150524_052652.JPG,./STAGE2/20150523_185653.jpg,
/mnt/M2_SSD/PhotoManagement_process/Colorado_yellowstone/20150524_053420.JPG,,,,,,./STAGE1/20150524_053420.JPG,./STAGE2/20150523_190420.jpg,
/mnt/M2_SSD/PhotoManagement_process/Colorado_yellowstone/20150524_190442.JPG,,,,,,./STAGE1/20150524_190442.JPG,./STAGE2/20150524_083442.jpg,
/mnt/M2_SSD/PhotoManagement_process/Colorado_yellowstone/20150525_002230.JPG,,,,,,./STAGE1/20150525_002230.JPG,./STAGE2/20150524_135230.jpg,
/mnt/M2_SSD/PhotoManagement_process/Colorado_yellowstone/20150525_002442.JPG,,,,,,./STAGE1/20150525_002442.JPG,./STAGE2/20150524_135443.jpg,
/mnt/M2_SSD/PhotoManagement_process/Colorado_yellowstone/20150525_003854.JPG,,,,,,./STAGE1/20150525_003854.JPG,./STAGE2/20150524_140855.jpg,
/mnt/M2_SSD/PhotoManagement_process/Colorado_yellowstone/20150525_003926.JPG,,,,,,./STAGE1/20150525_003926.JPG,./STAGE2/20150524_140927.jpg,
/mnt/M2_SSD/PhotoManagement_process/Colorado_yellowstone/20150525_003948.JPG,,,,,,./STAGE1/20150525_003948.JPG,./STAGE2/20150524_140948.jpg,
/mnt/M2_SSD/PhotoManagement_process/Colorado_yellowstone/20150525_004038.JPG,,,,,,./STAGE1/20150525_004038.JPG,./STAGE2/20150524_141039.jpg,
/mnt/M2_SSD/PhotoManagement_process/Colorado_yellowstone/20150525_005352.JPG,,,,,,./STAGE1/20150525_005352.JPG,./STAGE2/20150524_142352.jpg,
/mnt/M2_SSD/PhotoManagement_process/Colorado_yellowstone/20150525_005712.JPG,,,,,,./STAGE1/20150525_005712.JPG,./STAGE2/20150524_142712.jpg,
/mnt/M2_SSD/PhotoManagement_process/Colorado_yellowstone/20150525_005726.JPG,,,,,,./STAGE1/20150525_005726.JPG,./STAGE2/20150524_142726.jpg,
/mnt/M2_SSD/PhotoManagement_process/Colorado_yellowstone/20150525_024214.JPG,,,,,,./STAGE1/20150525_024214.JPG,./STAGE2/20150524_161215.jpg,
/mnt/M2_SSD/PhotoManagement_process/Colorado_yellowstone/20150525_024218.JPG,,,,,,./STAGE1/20150525_024218.JPG,./STAGE2/20150524_161219.jpg,
/mnt/M2_SSD/PhotoManagement_process/Colorado_yellowstone/20150525_024234.JPG,,,,,,./STAGE1/20150525_024234.JPG,./STAGE2/20150524_161235.jpg,
/mnt/M2_SSD/PhotoManagement_process/Colorado_yellowstone/20150525_024540.JPG,,,,,,./STAGE1/20150525_024540.JPG,./STAGE2/20150524_161541.jpg,
/mnt/M2_SSD/PhotoManagement_process/Colorado_yellowstone/20150525_024720.JPG,,,,,,./STAGE1/20150525_024720.JPG,./STAGE2/20150524_161720.jpg,
/mnt/M2_SSD/PhotoManagement_process/Colorado_yellowstone/20150525_025150.JPG,,,,,,./STAGE1/20150525_025150.JPG,./STAGE2/20150524_162151.jpg,
/mnt/M2_SSD/PhotoManagement_process/Colorado_yellowstone/20150525_025736.JPG,,,,,,./STAGE1/20150525_025736.JPG,./STAGE2/20150524_162736.jpg,
/mnt/M2_SSD/PhotoManagement_process/Colorado_yellowstone/20150525_030104.JPG,,,,,,./STAGE1/20150525_030104.JPG,./STAGE2/20150524_163105.jpg,
/mnt/M2_SSD/PhotoManagement_process/Colorado_yellowstone/20150525_030112.JPG,,,,,,./STAGE1/20150525_030112.JPG,./STAGE2/20150524_163113.jpg,
/mnt/M2_SSD/PhotoManagement_process/Colorado_yellowstone/20150525_030204.JPG,,,,,,./STAGE1/20150525_030204.JPG,./STAGE2/20150524_163204.jpg,
/mnt/M2_SSD/PhotoManagement_process/Colorado_yellowstone/20150525_030258.JPG,,,,,,./STAGE1/20150525_030258.JPG,./STAGE2/20150524_163259.jpg,
/mnt/M2_SSD/PhotoManagement_process/Colorado_yellowstone/20150525_030444.JPG,,,,,,./STAGE1/20150525_030444.JPG,./STAGE2/20150524_163444.jpg,
/mnt/M2_SSD/PhotoManagement_process/Colorado_yellowstone/20150525_031238.JPG,,,,,,./STAGE1/20150525_031238.JPG,./STAGE2/20150524_164239.jpg,
/mnt/M2_SSD/PhotoManagement_process/Colorado_yellowstone/20150525_031324.JPG,,,,,,./STAGE1/20150525_031324.JPG,./STAGE2/20150524_164325.jpg,
/mnt/M2_SSD/PhotoManagement_process/Colorado_yellowstone/20150525_031342.JPG,,,,,,./STAGE1/20150525_031342.JPG,./STAGE2/20150524_164342.jpg,
/mnt/M2_SSD/PhotoManagement_process/Colorado_yellowstone/20150525_031354.JPG,,,,,,./STAGE1/20150525_031354.JPG,./STAGE2/20150524_164354.jpg,
/mnt/M2_SSD/PhotoManagement_process/Colorado_yellowstone/20150525_031442.JPG,,,,,,./STAGE1/20150525_031442.JPG,./STAGE2/20150524_164443.jpg,
/mnt/M2_SSD/PhotoManagement_process/Colorado_yellowstone/20150525_031628.JPG,,,,,,./STAGE1/20150525_031628.JPG,./STAGE2/20150524_164629.jpg,
/mnt/M2_SSD/PhotoManagement_process/Colorado_yellowstone/20150525_031740.JPG,,,,,,./STAGE1/20150525_031740.JPG,./STAGE2/20150524_164740.jpg,
/mnt/M2_SSD/PhotoManagement_process/Colorado_yellowstone/20150525_031838.JPG,,,,,,./STAGE1/20150525_031838.JPG,./STAGE2/20150524_164839.jpg,
/mnt/M2_SSD/PhotoManagement_process/Colorado_yellowstone/20150525_031912.JPG,,,,,,./STAGE1/20150525_031912.JPG,./STAGE2/20150524_164913.jpg,
/mnt/M2_SSD/PhotoManagement_process/Colorado_yellowstone/20150525_031956.JPG,,,,,,./STAGE1/20150525_031956.JPG,./STAGE2/20150524_164956.jpg,
/mnt/M2_SSD/PhotoManagement_process/Colorado_yellowstone/20150525_032024.JPG,,,,,,./STAGE1/20150525_032024.JPG,./STAGE2/20150524_165025.jpg,
/mnt/M2_SSD/PhotoManagement_process/Colorado_yellowstone/20150525_032430.JPG,,,,,,./STAGE1/20150525_032430.JPG,./STAGE2/20150524_165431.jpg,
/mnt/M2_SSD/PhotoManagement_process/Colorado_yellowstone/20150525_032850.JPG,,,,,,./STAGE1/20150525_032850.JPG,./STAGE2/20150524_165850.jpg,
/mnt/M2_SSD/PhotoManagement_process/Colorado_yellowstone/20150525_033220.JPG,,,,,,./STAGE1/20150525_033220.JPG,./STAGE2/20150524_170220.jpg,
/mnt/M2_SSD/PhotoManagement_process/Colorado_yellowstone/20150525_033246.JPG,,,,,,./STAGE1/20150525_033246.JPG,./STAGE2/20150524_170247.jpg,
/mnt/M2_SSD/PhotoManagement_process/Colorado_yellowstone/20150525_033709.JPG,,,,,,./STAGE1/20150525_033709.JPG,./STAGE2/20150524_170709.jpg,
/mnt/M2_SSD/PhotoManagement_process/Colorado_yellowstone/20150525_033930.JPG,,,,,,./STAGE1/20150525_033930.JPG,./STAGE2/20150524_170931.jpg,
/mnt/M2_SSD/PhotoManagement_process/Colorado_yellowstone/20150525_040657.JPG,,,,,,./STAGE1/20150525_040657.JPG,./STAGE2/20150524_173657.jpg,
/mnt/M2_SSD/PhotoManagement_process/Colorado_yellowstone/20150525_040826.JPG,,,,,,./STAGE1/20150525_040826.JPG,./STAGE2/20150524_173826.jpg,
/mnt/M2_SSD/PhotoManagement_process/Colorado_yellowstone/20150525_041225.JPG,,,,,,./STAGE1/20150525_041225.JPG,./STAGE2/20150524_174225.jpg,
/mnt/M2_SSD/PhotoManagement_process/Colorado_yellowstone/20150525_041414.JPG,,,,,,./STAGE1/20150525_041414.JPG,./STAGE2/20150524_174413.jpg,
/mnt/M2_SSD/PhotoManagement_process/Colorado_yellowstone/20150525_041838.JPG,,,,,,./STAGE1/20150525_041838.JPG,./STAGE2/20150524_174837.jpg,
/mnt/M2_SSD/PhotoManagement_process/Colorado_yellowstone/20150525_041900.JPG,,,,,,./STAGE1/20150525_041900.JPG,./STAGE2/20150524_174900.jpg,
/mnt/M2_SSD/PhotoManagement_process/Colorado_yellowstone/20150525_042603.JPG,,,,,,./STAGE1/20150525_042603.JPG,./STAGE2/20150524_175603.jpg,
/mnt/M2_SSD/PhotoManagement_process/Colorado_yellowstone/20150525_042638.JPG,,,,,,./STAGE1/20150525_042638.JPG,./STAGE2/20150524_175638.jpg,
/mnt/M2_SSD/PhotoManagement_process/Colorado_yellowstone/20150525_042716.JPG,,,,,,./STAGE1/20150525_042716.JPG,./STAGE2/20150524_175716.jpg,
/mnt/M2_SSD/PhotoManagement_process/Colorado_yellowstone/20150525_042733.JPG,,,,,,./STAGE1/20150525_042733.JPG,./STAGE2/20150524_175732.jpg,
/mnt/M2_SSD/PhotoManagement_process/Colorado_yellowstone/20150525_043146.JPG,,,,,,./STAGE1/20150525_043146.JPG,./STAGE2/20150524_180146.jpg,
/mnt/M2_SSD/PhotoManagement_process/Colorado_yellowstone/20150525_043156.JPG,,,,,,./STAGE1/20150525_043156.JPG,./STAGE2/20150524_180155.jpg,
/mnt/M2_SSD/PhotoManagement_process/Colorado_yellowstone/20150525_043251.JPG,,,,,,./STAGE1/20150525_043251.JPG,./STAGE2/20150524_180251.jpg,
/mnt/M2_SSD/PhotoManagement_process/Colorado_yellowstone/20150525_043538.JPG,,,,,,./STAGE1/20150525_043538.JPG,./STAGE2/20150524_180537.jpg,
/mnt/M2_SSD/PhotoManagement_process/Colorado_yellowstone/20150525_043544.JPG,,,,,,./STAGE1/20150525_043544.JPG,./STAGE2/20150524_180545.jpg,
/mnt/M2_SSD/PhotoManagement_process/Colorado_yellowstone/20150525_043630.JPG,,,,,,./STAGE1/20150525_043630.JPG,./STAGE2/20150524_180630.jpg,
/mnt/M2_SSD/PhotoManagement_process/Colorado_yellowstone/20150525_043648.JPG,,,,,,./STAGE1/20150525_043648.JPG,./STAGE2/20150524_180648.jpg,
/mnt/M2_SSD/PhotoManagement_process/Colorado_yellowstone/20150525_043655.JPG,,,,,,./STAGE1/20150525_043655.JPG,./STAGE2/20150524_180654.jpg,
/mnt/M2_SSD/PhotoManagement_process/Colorado_yellowstone/20150525_043934.JPG,,,,,,./STAGE1/20150525_043934.JPG,./STAGE2/20150524_180933.jpg,
/mnt/M2_SSD/PhotoManagement_process/Colorado_yellowstone/20150525_044029.JPG,,,,,,./STAGE1/20150525_044029.JPG,./STAGE2/20150524_181028.jpg,
/mnt/M2_SSD/PhotoManagement_process/Colorado_yellowstone/20150525_044229.JPG,,,,,,./STAGE1/20150525_044229.JPG,./STAGE2/20150524_181228.jpg,
/mnt/M2_SSD/PhotoManagement_process/Colorado_yellowstone/20150525_045153.JPG,,,,,,./STAGE1/20150525_045153.JPG,./STAGE2/20150524_182153.jpg,
/mnt/M2_SSD/PhotoManagement_process/Colorado_yellowstone/20150525_045543.JPG,,,,,,./STAGE1/20150525_045543.JPG,./STAGE2/20150524_182543.jpg,
/mnt/M2_SSD/PhotoManagement_process/Colorado_yellowstone/20150525_045902.JPG,,,,,,./STAGE1/20150525_045902.JPG,./STAGE2/20150524_182903.jpg,
/mnt/M2_SSD/PhotoManagement_process/Colorado_yellowstone/20150525_050148.JPG,,,,,,./STAGE1/20150525_050148.JPG,./STAGE2/20150524_183149.jpg,
/mnt/M2_SSD/PhotoManagement_process/Colorado_yellowstone/20150525_050322.JPG,,,,,,./STAGE1/20150525_050322.JPG,./STAGE2/20150524_183322.jpg,
/mnt/M2_SSD/PhotoManagement_process/Colorado_yellowstone/20150525_050342.JPG,,,,,,./STAGE1/20150525_050342.JPG,./STAGE2/20150524_183342.jpg,
/mnt/M2_SSD/PhotoManagement_process/Colorado_yellowstone/20150525_050602.JPG,,,,,,./STAGE1/20150525_050602.JPG,./STAGE2/20150524_183602.jpg,
/mnt/M2_SSD/PhotoManagement_process/Colorado_yellowstone/20150525_050942.JPG,,,,,,./STAGE1/20150525_050942.JPG,./STAGE2/20150524_183943.jpg,
/mnt/M2_SSD/PhotoManagement_process/Colorado_yellowstone/20150525_051002.JPG,,,,,,./STAGE1/20150525_051002.JPG,./STAGE2/20150524_184002.jpg,
/mnt/M2_SSD/PhotoManagement_process/Colorado_yellowstone/20150525_051200.JPG,,,,,,./STAGE1/20150525_051200.JPG,./STAGE2/20150524_184201.jpg,
/mnt/M2_SSD/PhotoManagement_process/Colorado_yellowstone/20150525_051242.JPG,,,,,,./STAGE1/20150525_051242.JPG,./STAGE2/20150524_184242.jpg,
/mnt/M2_SSD/PhotoManagement_process/Colorado_yellowstone/20150525_051332.JPG,,,,,,./STAGE1/20150525_051332.JPG,./STAGE2/20150524_184333.jpg,
/mnt/M2_SSD/PhotoManagement_process/Colorado_yellowstone/20150525_051454.JPG,,,,,,./STAGE1/20150525_051454.JPG,./STAGE2/20150524_184454.jpg,
/mnt/M2_SSD/PhotoManagement_process/Colorado_yellowstone/20150525_051526.JPG,,,,,,./STAGE1/20150525_051526.JPG,./STAGE2/20150524_184526.jpg,
/mnt/M2_SSD/PhotoManagement_process/Colorado_yellowstone/20150525_051630.JPG,,,,,,./STAGE1/20150525_051630.JPG,./STAGE2/20150524_184631.jpg,
/mnt/M2_SSD/PhotoManagement_process/Colorado_yellowstone/20150525_201500.JPG,,,,,,./STAGE1/20150525_201500.JPG,./STAGE2/20150525_094501.jpg,
/mnt/M2_SSD/PhotoManagement_process/Colorado_yellowstone/20150525_201612.JPG,,,,,,./STAGE1/20150525_201612.JPG,./STAGE2/20150525_094613.jpg,
/mnt/M2_SSD/PhotoManagement_process/Colorado_yellowstone/20150525_201714.JPG,,,,,,./STAGE1/20150525_201714.JPG,./STAGE2/20150525_094714.jpg,
/mnt/M2_SSD/PhotoManagement_process/Colorado_yellowstone/20150525_201850.JPG,,,,,,./STAGE1/20150525_201850.JPG,./STAGE2/20150525_094850.jpg,
/mnt/M2_SSD/PhotoManagement_process/Colorado_yellowstone/20150525_201950.JPG,,,,,,./STAGE1/20150525_201950.JPG,./STAGE2/20150525_094951.jpg,
/mnt/M2_SSD/PhotoManagement_process/Colorado_yellowstone/20150525_205038.JPG,,,,,,./STAGE1/20150525_205038.JPG,./STAGE2/20150525_102038.jpg,
/mnt/M2_SSD/PhotoManagement_process/Colorado_yellowstone/20150525_205121.JPG,,,,,,./STAGE1/20150525_205121.JPG,./STAGE2/20150525_102120.jpg,
/mnt/M2_SSD/PhotoManagement_process/Colorado_yellowstone/20150525_210054.JPG,,,,,,./STAGE1/20150525_210054.JPG,./STAGE2/20150525_103054.jpg,
/mnt/M2_SSD/PhotoManagement_process/Colorado_yellowstone/20150525_210202.JPG,,,,,,./STAGE1/20150525_210202.JPG,./STAGE2/20150525_103202.jpg,
/mnt/M2_SSD/PhotoManagement_process/Colorado_yellowstone/20150525_210634.JPG,,,,,,./STAGE1/20150525_210634.JPG,./STAGE2/20150525_103634.jpg,
/mnt/M2_SSD/PhotoManagement_process/Colorado_yellowstone/20150525_211114.JPG,,,,,,./STAGE1/20150525_211114.JPG,./STAGE2/20150525_104114.jpg,
/mnt/M2_SSD/PhotoManagement_process/Colorado_yellowstone/20150525_220410.JPG,,,,,,./STAGE1/20150525_220410.JPG,./STAGE2/20150525_113409.jpg,
/mnt/M2_SSD/PhotoManagement_process/Colorado_yellowstone/20150525_221226.JPG,,,,,,./STAGE1/20150525_221226.JPG,./STAGE2/20150525_114227.jpg,
/mnt/M2_SSD/PhotoManagement_process/Colorado_yellowstone/20150525_221240.JPG,,,,,,./STAGE1/20150525_221240.JPG,./STAGE2/20150525_114240.jpg,
/mnt/M2_SSD/PhotoManagement_process/Colorado_yellowstone/20150525_221657.JPG,,,,,,./STAGE1/20150525_221657.JPG,./STAGE2/20150525_114657.jpg,
/mnt/M2_SSD/PhotoManagement_process/Colorado_yellowstone/20150525_223559.JPG,,,,,,./STAGE1/20150525_223559.JPG,./STAGE2/20150525_120559.jpg,
/mnt/M2_SSD/PhotoManagement_process/Colorado_yellowstone/20150525_223742.JPG,,,,,,./STAGE1/20150525_223742.JPG,./STAGE2/20150525_120742.jpg,
/mnt/M2_SSD/PhotoManagement_process/Colorado_yellowstone/20150525_223812.JPG,,,,,,./STAGE1/20150525_223812.JPG,./STAGE2/20150525_120812.jpg,
/mnt/M2_SSD/PhotoManagement_process/Colorado_yellowstone/20150525_223832.JPG,,,,,,./STAGE1/20150525_223832.JPG,./STAGE2/20150525_120832.jpg,
/mnt/M2_SSD/PhotoManagement_process/Colorado_yellowstone/20150525_223843.JPG,,,,,,./STAGE1/20150525_223843.JPG,./STAGE2/20150525_120843.jpg,
/mnt/M2_SSD/PhotoManagement_process/Colorado_yellowstone/20150525_225116.JPG,,,,,,./STAGE1/20150525_225116.JPG,./STAGE2/20150525_122115.jpg,
/mnt/M2_SSD/PhotoManagement_process/Colorado_yellowstone/20150525_231050.JPG,,,,,,./STAGE1/20150525_231050.JPG,./STAGE2/20150525_124051.jpg,
/mnt/M2_SSD/PhotoManagement_process/Colorado_yellowstone/20150525_231100.JPG,,,,,,./STAGE1/20150525_231100.JPG,./STAGE2/20150525_124100.jpg,
/mnt/M2_SSD/PhotoManagement_process/Colorado_yellowstone/20150525_232258.JPG,,,,,,./STAGE1/20150525_232258.JPG,./STAGE2/20150525_125258.jpg,
/mnt/M2_SSD/PhotoManagement_process/Colorado_yellowstone/20150525_232432.JPG,,,,,,./STAGE1/20150525_232432.JPG,./STAGE2/20150525_125433.jpg,
/mnt/M2_SSD/PhotoManagement_process/Colorado_yellowstone/20150525_232450.JPG,,,,,,./STAGE1/20150525_232450.JPG,./STAGE2/20150525_125451.jpg,
/mnt/M2_SSD/PhotoManagement_process/Colorado_yellowstone/20150525_232532.JPG,,,,,,./STAGE1/20150525_232532.JPG,./STAGE2/20150525_125532.jpg,
/mnt/M2_SSD/PhotoManagement_process/Colorado_yellowstone/20150525_232724.JPG,,,,,,./STAGE1/20150525_232724.JPG,./STAGE2/20150525_125725.jpg,
/mnt/M2_SSD/PhotoManagement_process/Colorado_yellowstone/20150525_232738.JPG,,,,,,./STAGE1/20150525_232738.JPG,./STAGE2/20150525_125738.jpg,
/mnt/M2_SSD/PhotoManagement_process/Colorado_yellowstone/20150525_232916.JPG,,,,,,./STAGE1/20150525_232916.JPG,./STAGE2/20150525_125917.jpg,
/mnt/M2_SSD/PhotoManagement_process/Colorado_yellowstone/20150525_232924.JPG,,,,,,./STAGE1/20150525_232924.JPG,./STAGE2/20150525_125924.jpg,
/mnt/M2_SSD/PhotoManagement_process/Colorado_yellowstone/20150525_233156.JPG,,,,,,./STAGE1/20150525_233156.JPG,./STAGE2/20150525_130156.jpg,
/mnt/M2_SSD/PhotoManagement_process/Colorado_yellowstone/20150525_233837.JPG,,,,,,./STAGE1/20150525_233837.JPG,./STAGE2/20150525_130837.jpg,
/mnt/M2_SSD/PhotoManagement_process/Colorado_yellowstone/20150525_234354.JPG,,,,,,./STAGE1/20150525_234354.JPG,./STAGE2/20150525_131354.jpg,
/mnt/M2_SSD/PhotoManagement_process/Colorado_yellowstone/20150525_234424.JPG,,,,,,./STAGE1/20150525_234424.JPG,./STAGE2/20150525_131424.jpg,
/mnt/M2_SSD/PhotoManagement_process/Colorado_yellowstone/20150525_234512.JPG,,,,,,./STAGE1/20150525_234512.JPG,./STAGE2/20150525_131512.jpg,
/mnt/M2_SSD/PhotoManagement_process/Colorado_yellowstone/20150525_234528.JPG,,,,,,./STAGE1/20150525_234528.JPG,./STAGE2/20150525_131528.jpg,
/mnt/M2_SSD/PhotoManagement_process/Colorado_yellowstone/20150525_234636.JPG,,,,,,./STAGE1/20150525_234636.JPG,./STAGE2/20150525_131637.jpg,
/mnt/M2_SSD/PhotoManagement_process/Colorado_yellowstone/20150525_235116.JPG,,,,,,./STAGE1/20150525_235116.JPG,./STAGE2/20150525_132116.jpg,
/mnt/M2_SSD/PhotoManagement_process/Colorado_yellowstone/20150525_235152.JPG,,,,,,./STAGE1/20150525_235152.JPG,./STAGE2/20150525_132152.jpg,
/mnt/M2_SSD/PhotoManagement_process/Colorado_yellowstone/20150525_235506.JPG,,,,,,./STAGE1/20150525_235506.JPG,./STAGE2/20150525_132506.jpg,
/mnt/M2_SSD/PhotoManagement_process/Colorado_yellowstone/20150526_000132.JPG,,,,,,./STAGE1/20150526_000132.JPG,./STAGE2/20150525_133132.jpg,
/mnt/M2_SSD/PhotoManagement_process/Colorado_yellowstone/20150526_000404.JPG,,,,,,./STAGE1/20150526_000404.JPG,./STAGE2/20150525_133405.jpg,
/mnt/M2_SSD/PhotoManagement_process/Colorado_yellowstone/20150526_000852.JPG,,,,,,./STAGE1/20150526_000852.JPG,./STAGE2/20150525_133851.jpg,
/mnt/M2_SSD/PhotoManagement_process/Colorado_yellowstone/20150526_000903.JPG,,,,,,./STAGE1/20150526_000903.JPG,./STAGE2/20150525_133903.jpg,
/mnt/M2_SSD/PhotoManagement_process/Colorado_yellowstone/20150526_001035.JPG,,,,,,./STAGE1/20150526_001035.JPG,./STAGE2/20150525_134035.jpg,
/mnt/M2_SSD/PhotoManagement_process/Colorado_yellowstone/20150526_001520.JPG,,,,,,./STAGE1/20150526_001520.JPG,./STAGE2/20150525_134519.jpg,
/mnt/M2_SSD/PhotoManagement_process/Colorado_yellowstone/20150526_003028.JPG,,,,,,./STAGE1/20150526_003028.JPG,./STAGE2/20150525_140028.jpg,
/mnt/M2_SSD/PhotoManagement_process/Colorado_yellowstone/20150526_003102.JPG,,,,,,./STAGE1/20150526_003102.JPG,./STAGE2/20150525_140102.jpg,
/mnt/M2_SSD/PhotoManagement_process/Colorado_yellowstone/20150526_003136.JPG,,,,,,./STAGE1/20150526_003136.JPG,./STAGE2/20150525_140136.jpg,
/mnt/M2_SSD/PhotoManagement_process/Colorado_yellowstone/20150526_003256.JPG,,,,,,./STAGE1/20150526_003256.JPG,./STAGE2/20150525_140256.jpg,
/mnt/M2_SSD/PhotoManagement_process/Colorado_yellowstone/20150526_003522.JPG,,,,,,./STAGE1/20150526_003522.JPG,./STAGE2/20150525_140522.jpg,
/mnt/M2_SSD/PhotoManagement_process/Colorado_yellowstone/20150526_003600.JPG,,,,,,./STAGE1/20150526_003600.JPG,./STAGE2/20150525_140600.jpg,
/mnt/M2_SSD/PhotoManagement_process/Colorado_yellowstone/20150526_003658.JPG,,,,,,./STAGE1/20150526_003658.JPG,./STAGE2/20150525_140658.jpg,
/mnt/M2_SSD/PhotoManagement_process/Colorado_yellowstone/20150526_003732.JPG,,,,,,./STAGE1/20150526_003732.JPG,./STAGE2/20150525_140733.jpg,
/mnt/M2_SSD/PhotoManagement_process/Colorado_yellowstone/20150526_003802.JPG,,,,,,./STAGE1/20150526_003802.JPG,./STAGE2/20150525_140802.jpg,
/mnt/M2_SSD/PhotoManagement_process/Colorado_yellowstone/20150526_004126.JPG,,,,,,./STAGE1/20150526_004126.JPG,./STAGE2/20150525_141125.jpg,
/mnt/M2_SSD/PhotoManagement_process/Colorado_yellowstone/20150526_004340.JPG,,,,,,./STAGE1/20150526_004340.JPG,./STAGE2/20150525_141341.jpg,
/mnt/M2_SSD/PhotoManagement_process/Colorado_yellowstone/20150526_005208.JPG,,,,,,./STAGE1/20150526_005208.JPG,./STAGE2/20150525_142208.jpg,
/mnt/M2_SSD/PhotoManagement_process/Colorado_yellowstone/20150526_005214.JPG,,,,,,./STAGE1/20150526_005214.JPG,./STAGE2/20150525_142215.jpg,
/mnt/M2_SSD/PhotoManagement_process/Colorado_yellowstone/20150526_010824.JPG,,,,,,./STAGE1/20150526_010824.JPG,./STAGE2/20150525_143825.jpg,
/mnt/M2_SSD/PhotoManagement_process/Colorado_yellowstone/20150526_011242.JPG,,,,,,./STAGE1/20150526_011242.JPG,./STAGE2/20150525_134242.jpg,
/mnt/M2_SSD/PhotoManagement_process/Colorado_yellowstone/20150526_011350.JPG,,,,,,./STAGE1/20150526_011350.JPG,./STAGE2/20150525_144350.jpg,
/mnt/M2_SSD/PhotoManagement_process/Colorado_yellowstone/20150526_011352.JPG,,,,,,./STAGE1/20150526_011352.JPG,./STAGE2/20150525_134351.jpg,
/mnt/M2_SSD/PhotoManagement_process/Colorado_yellowstone/20150526_011428.JPG,,,,,,./STAGE1/20150526_011428.JPG,./STAGE2/20150525_134428.jpg,
/mnt/M2_SSD/PhotoManagement_process/Colorado_yellowstone/20150526_011752.JPG,,,,,,./STAGE1/20150526_011752.JPG,./STAGE2/20150525_144753.jpg,
/mnt/M2_SSD/PhotoManagement_process/Colorado_yellowstone/20150526_011800.JPG,,,,,,./STAGE1/20150526_011800.JPG,./STAGE2/20150525_144801.jpg,
/mnt/M2_SSD/PhotoManagement_process/Colorado_yellowstone/20150526_011846.JPG,,,,,,./STAGE1/20150526_011846.JPG,./STAGE2/20150525_144847.jpg,
/mnt/M2_SSD/PhotoManagement_process/Colorado_yellowstone/20150526_012338.JPG,,,,,,./STAGE1/20150526_012338.JPG,./STAGE2/20150525_145339.jpg,
/mnt/M2_SSD/PhotoManagement_process/Colorado_yellowstone/20150526_012341.JPG,,,,,,./STAGE1/20150526_012341.JPG,./STAGE2/20150525_145339_001.jpg,
/mnt/M2_SSD/PhotoManagement_process/Colorado_yellowstone/20150526_012412.JPG,,,,,,./STAGE1/20150526_012412.JPG,./STAGE2/20150525_145413.jpg,
/mnt/M2_SSD/PhotoManagement_process/Colorado_yellowstone/20150526_012454.JPG,,,,,,./STAGE1/20150526_012454.JPG,./STAGE2/20150525_145454.jpg,
/mnt/M2_SSD/PhotoManagement_process/Colorado_yellowstone/20150526_012507.JPG,,,,,,./STAGE1/20150526_012507.JPG,./STAGE2/20150525_145507.jpg,
/mnt/M2_SSD/PhotoManagement_process/Colorado_yellowstone/20150526_012528.JPG,,,,,,./STAGE1/20150526_012528.JPG,./STAGE2/20150525_145527.jpg,
/mnt/M2_SSD/PhotoManagement_process/Colorado_yellowstone/20150526_012743.JPG,,,,,,./STAGE1/20150526_012743.JPG,./STAGE2/20150525_145741.jpg,
/mnt/M2_SSD/PhotoManagement_process/Colorado_yellowstone/20150526_012828.JPG,,,,,,./STAGE1/20150526_012828.JPG,./STAGE2/20150525_145828.jpg,
/mnt/M2_SSD/PhotoManagement_process/Colorado_yellowstone/20150526_013258.JPG,,,,,,./STAGE1/20150526_013258.JPG,./STAGE2/20150525_150258.jpg,
